Time,HMD_Position_x,HMD_Position_y,HMD_Position_z,HMD_Rotation_x,HMD_Rotation_y,HMD_Rotation_z,HMD_Rotation_w,Left_Position_x,Left_Position_y,Left_Position_z,Right_Position_x,Right_Position_y,Right_Position_z,Left_Gaze_Origin.x,Left_Gaze_Origin.y,Left_Gaze_Origin.z,Right_Gaze_Origin.x,Right_Gaze_Origin.y,Right_Gaze_Origin.z,Left_Gaze_Direction_x,Left_Gaze_Direction_y,Left_Gaze_Direction_z,Right_Gaze_Direction_x,Right_Gaze_Direction_y,Right_Gaze_Direction_z,Left_Pupil_Diameter,Right_Pupil_Diameter,Left_Openness,Right_Openness,ArtificialBlink_Flag,RBlinkCount,LBlinkCount,BrowerFlag
0,01999999,-14,92907,3,026018,-6,92557,-0,002654806,0,9902614,-0,001197969,-0,1391898,0,0,0,0,0,0,0,0,0,0,0,0,0,0,0,0,0,0,0,0,0,0,1,1,1,False
0,03999998,-14,92705,2,658176,-6,924983,-0,002654806,0,9902614,-0,001197969,-0,1391898,0,0,0,0,0,0,0,0,0,0,0,0,0,0,0,0,0,0,0,0,0,0,1,1,1,False
0,2854664,-14,92209,2,373331,-6,923533,-0,002654806,0,9902614,-0,001197969,-0,1391898,0,0,0,0,0,0,0,0,0,0,0,0,0,0,0,0,0,0,0,0,0,0,1,1,1,False
0,3888818,-14,92209,2,373331,-6,923533,-0,002654806,0,9902614,-0,001197969,-0,1391898,0,0,0,0,0,0,0,0,0,0,0,0,0,0,0,0,0,0,0,0,0,0,1,1,1,False
0,4466604,-14,92209,2,373331,-6,923533,-0,002654806,0,9902614,-0,001197969,-0,1391898,0,0,0,0,0,0,0,0,0,0,0,0,0,0,0,0,0,0,0,0,0,0,1,1,1,False
0,558716,-14,92209,2,373331,-6,923533,-0,002654806,0,9902614,-0,001197969,-0,1391898,0,0,0,0,0,0,0,0,0,0,0,0,0,0,0,0,0,0,0,0,0,0,1,1,1,False
0,6479832,-14,92209,2,373331,-6,923533,-0,002654806,0,9902614,-0,001197969,-0,1391898,0,0,0,0,0,0,0,0,0,0,0,0,0,0,0,0,0,0,0,0,0,0,1,1,1,False
0,7492126,-14,92209,2,373331,-6,923533,-0,002654806,0,9902614,-0,001197969,-0,1391898,0,0,0,0,0,0,0,0,0,0,0,0,0,0,0,0,0,0,0,0,0,0,1,1,1,False
0,8503411,-14,92209,2,373331,-6,923533,-0,002654806,0,9902614,-0,001197969,-0,1391898,0,0,0,0,0,0,0,0,0,0,0,0,0,0,0,0,0,0,0,0,0,0,1,1,1,False
0,9508954,-14,92209,2,373331,-6,923533,-0,002654806,0,9902614,-0,001197969,-0,1391898,0,0,0,0,0,0,0,0,0,0,0,0,0,0,0,0,0,0,0,0,0,0,1,1,1,False
1,050225,-14,92209,2,337547,-6,923533,-0,002654806,0,9902614,-0,001197969,-0,1391898,0,0,0,0,0,0,0,0,0,0,0,0,0,0,0,0,0,0,0,0,0,0,1,1,1,False
1,157899,-14,92209,2,337547,-6,923533,-0,002654806,0,9902614,-0,001197969,-0,1391898,0,0,0,0,0,0,0,0,0,0,0,0,0,0,0,0,0,0,0,0,0,0,1,1,1,False
1,252779,-14,92209,2,337547,-6,923533,-0,002654806,0,9902614,-0,001197969,-0,1391898,0,0,0,0,0,0,0,0,0,0,0,0,0,0,0,0,0,0,0,0,0,0,1,1,1,False
1,354192,-14,92209,2,337547,-6,923533,-0,002654806,0,9902614,-0,001197969,-0,1391898,0,0,0,0,0,0,0,0,0,0,0,0,0,0,0,0,0,0,0,0,0,0,1,1,1,False
1,454808,-14,92209,2,337547,-6,923533,-0,002654806,0,9902614,-0,001197969,-0,1391898,0,0,0,0,0,0,0,0,0,0,0,0,0,0,0,0,0,0,0,0,0,0,1,1,1,False
1,559204,-14,92209,2,337547,-6,923533,-0,002654806,0,9902614,-0,001197969,-0,1391898,0,0,0,0,0,0,0,0,0,0,0,0,0,0,0,0,0,0,0,0,0,0,1,1,1,False
1,657018,-14,92209,2,337547,-6,923533,-0,002654806,0,9902614,-0,001197969,-0,1391898,0,0,0,0,0,0,0,0,0,0,0,0,0,0,0,0,0,0,0,0,0,0,1,1,1,False
1,75841,-14,92209,2,337547,-6,923533,-0,002654806,0,9902614,-0,001197969,-0,1391898,0,0,0,0,0,0,0,0,0,0,0,0,0,0,0,0,0,0,0,0,0,0,1,1,1,False
1,859214,-14,92209,2,337547,-6,923533,-0,002654806,0,9902614,-0,001197969,-0,1391898,0,0,0,0,0,0,0,0,0,0,0,0,0,0,0,0,0,0,0,0,0,0,1,1,1,False
1,961007,-14,92209,2,337547,-6,923533,-0,002654806,0,9902614,-0,001197969,-0,1391898,0,0,0,0,0,0,0,0,0,0,0,0,0,0,0,0,0,0,0,0,0,0,1,1,1,False
2,062783,-14,92209,2,337547,-6,923533,-0,002654806,0,9902614,-0,001197969,-0,1391898,0,0,0,0,0,0,0,0,0,0,0,0,0,0,0,0,0,0,0,0,0,0,1,1,1,False
2,163061,-14,92209,2,30991,-6,923533,-0,002654806,0,9902614,-0,001197969,-0,1391898,0,0,0,0,0,0,0,0,0,0,0,0,0,0,0,0,0,0,0,0,0,0,1,1,1,False
2,263528,-14,92209,2,30991,-6,923533,-0,002654806,0,9902614,-0,001197969,-0,1391898,0,0,0,0,0,0,0,0,0,0,0,0,0,0,0,0,0,0,0,0,0,0,1,1,1,False
2,365849,-14,92209,2,30991,-6,923533,-0,002654806,0,9902614,-0,001197969,-0,1391898,0,0,0,0,0,0,0,0,0,0,0,0,0,0,0,0,0,0,0,0,0,0,1,1,1,False
2,466641,-14,92209,2,30991,-6,923533,-0,002654806,0,9902614,-0,001197969,-0,1391898,0,0,0,0,0,0,0,0,0,0,0,0,0,0,0,0,0,0,0,0,0,0,1,1,1,False
2,566401,-14,92209,2,30991,-6,923533,-0,002654806,0,9902614,-0,001197969,-0,1391898,0,0,0,0,0,0,0,0,0,0,0,0,0,0,0,0,0,0,0,0,0,0,1,1,1,False
2,674824,-14,92209,2,30991,-6,923533,-0,002654806,0,9902614,-0,001197969,-0,1391898,0,0,0,0,0,0,0,0,0,0,0,0,0,0,0,0,0,0,0,0,0,0,1,1,1,False
2,769368,-14,92209,2,30991,-6,923533,-0,002654806,0,9902614,-0,001197969,-0,1391898,0,0,0,0,0,0,0,0,0,0,0,0,0,0,0,0,0,0,0,0,0,0,1,1,1,False
2,947247,-14,92209,2,30991,-6,923533,-0,002654806,0,9902614,-0,001197969,-0,1391898,0,0,0,0,0,0,0,0,0,0,0,0,0,0,0,0,0,0,0,0,0,0,1,1,1,False

